k,Re,Alpha,H12,delta2,Ue
0.09,100000,0,2.575,0.000760845,1.283013209
0.28,100000,0,2.575,0.000760845,1.283013209
0.49,100000,0,2.575,0.000760845,1.283013209
